<?xml version="1.0"?>
<!DOCTYPE hibernate-mapping PUBLIC
"-//Hibernate/Hibernate Mapping DTD 3.0//EN"
"http://hibernate.sourceforge.net/hibernate-mapping-3.0.dtd">

<hibernate-mapping>
	<class name="manytomany.EmployeeDetails" table="hr.DelEmployee">

		<id name="employeeId" column="Empid" />
		<property name="employeeName" column="Empname" length="10" />
		<property name="employeeSalary" column="EmpSalary" length="10" />
		
		<set name=""></set>
		
	</class>

    <class name="manytomany.AddressDetails" table="hr.DelAddress">

		<id name="addressId" column="Empid" />
		<property name="cityName" column="CityName" length="10" />
		<property name="stateName" column="state" length="10" />
		
	</class>
	
</hibernate-mapping>