<?xml version="1.0"?>
<!DOCTYPE hibernate-mapping PUBLIC
"-//Hibernate/Hibernate Mapping DTD 3.0//EN"
"http://hibernate.sourceforge.net/hibernate-mapping-3.0.dtd">

<hibernate-mapping>
	<class name="com.Employee" table="hr.EmployeeDetails" discriminator-value="NewJoinee">

		<id name="employeeId" column="empid" />
		<discriminator column="typeofemployee" type="string"></discriminator>
		<property name="employeeName" column="empname" length="10" />
		
		<subclass name="com.RegularEmployee" extends="Employee" discriminator-value="Regular">
		<property name="salary"></property>
		<property name="bonus"></property>
		</subclass>
		
		
		<subclass name="com.ContractEmployee" extends="Employee" discriminator-value="Contract">
		<property name="contractDuration"></property>
		<property name="payPerDay"></property>
		</subclass>
		
	
	
	
	</class>
</hibernate-mapping>